Glacier_ID,Area_km2,ELA_Altitude_m
RGI2000-v7.0-G-01-15706,57.07,1739.45
RGI2000-v7.0-G-01-15725,3.28,1757.23
RGI2000-v7.0-G-01-15728,4.91,1819.55
RGI2000-v7.0-G-01-15732,2.58,1870.07
RGI2000-v7.0-G-01-15749,1.55,1719.73
RGI2000-v7.0-G-01-15754,2.53,1721.63
RGI2000-v7.0-G-01-15760,2.54,1683.48
RGI2000-v7.0-G-01-15763,3.65,1710.47
RGI2000-v7.0-G-01-15809,71.67,1684.21
RGI2000-v7.0-G-01-16928,9.59,1661.28
RGI2000-v7.0-G-01-16931,1.37,1356.45
RGI2000-v7.0-G-01-16941,1.06,1724.04
RGI2000-v7.0-G-01-16943,9.71,1698.38
RGI2000-v7.0-G-01-16944,4.12,1664.82
RGI2000-v7.0-G-01-16945,4.84,1636.67
RGI2000-v7.0-G-01-16947,1.09,1703.35
RGI2000-v7.0-G-01-16948,2.11,1654.52
RGI2000-v7.0-G-01-16949,1.77,1670.13
RGI2000-v7.0-G-01-16951,1.72,1639.85
RGI2000-v7.0-G-01-16980,107.86,1917.76
RGI2000-v7.0-G-01-16987,115.28,1785.1
RGI2000-v7.0-G-01-16993,20.21,1632.58
RGI2000-v7.0-G-01-17002,182.55,1597.85
RGI2000-v7.0-G-01-17004,247.31,1914.3
RGI2000-v7.0-G-01-17016,1.26,1839.72
RGI2000-v7.0-G-01-17018,1.8,1786.77
RGI2000-v7.0-G-01-17022,2.29,1850.18
RGI2000-v7.0-G-01-17028,1.0,1418.78
RGI2000-v7.0-G-01-17031,1.42,1757.42
RGI2000-v7.0-G-01-17037,2.04,1656.64
RGI2000-v7.0-G-01-17040,13.26,1929.82
RGI2000-v7.0-G-01-17044,1.19,1740.38
RGI2000-v7.0-G-01-17045,1.42,1656.19
RGI2000-v7.0-G-01-17047,1.24,1683.15
RGI2000-v7.0-G-01-17051,1.43,1463.58
RGI2000-v7.0-G-01-17052,10.35,1659.11
RGI2000-v7.0-G-01-17065,6.86,1597.58
RGI2000-v7.0-G-01-17086,59.04,1922.54
RGI2000-v7.0-G-01-17108,1.51,1720.28
RGI2000-v7.0-G-01-17115,69.16,1738.45
RGI2000-v7.0-G-01-17126,1.36,1669.85
RGI2000-v7.0-G-01-17127,1.84,1723.82
RGI2000-v7.0-G-01-17128,1.62,1607.02
RGI2000-v7.0-G-01-17129,1.44,1645.97
RGI2000-v7.0-G-01-17130,1.19,1672.68
RGI2000-v7.0-G-01-17131,1.12,1629.49
RGI2000-v7.0-G-01-17135,4.69,1796.58
RGI2000-v7.0-G-01-17136,1.05,1650.81
RGI2000-v7.0-G-01-17137,1.13,1737.32
RGI2000-v7.0-G-01-17140,3.48,1966.78
RGI2000-v7.0-G-01-17141,3.07,1953.57
RGI2000-v7.0-G-01-17144,17.9,1906.39
RGI2000-v7.0-G-01-17145,5.26,1937.26
RGI2000-v7.0-G-01-17153,4.17,1770.78
RGI2000-v7.0-G-01-17155,1.23,1515.21
RGI2000-v7.0-G-01-17157,4.54,1631.08
RGI2000-v7.0-G-01-17158,3.73,1670.23
RGI2000-v7.0-G-01-17159,2.96,1648.22
RGI2000-v7.0-G-01-17161,3.87,1776.51
RGI2000-v7.0-G-01-17162,15.1,1704.07
RGI2000-v7.0-G-01-17166,41.06,1462.14
RGI2000-v7.0-G-01-17169,2.91,1655.79
RGI2000-v7.0-G-01-17173,1.92,1694.19
RGI2000-v7.0-G-01-17178,1.89,1478.5
RGI2000-v7.0-G-01-17179,2.04,1529.81
RGI2000-v7.0-G-01-17181,4.76,1372.95
RGI2000-v7.0-G-01-17189,1.45,1080.84
RGI2000-v7.0-G-01-17199,2.82,1064.04
RGI2000-v7.0-G-01-17221,1.44,1092.99
RGI2000-v7.0-G-01-17223,1.46,1130.61
RGI2000-v7.0-G-01-17226,2.08,1008.17
RGI2000-v7.0-G-01-17229,2.14,1081.76
RGI2000-v7.0-G-01-17232,1.47,1078.14
RGI2000-v7.0-G-01-17239,3.33,1325.53
RGI2000-v7.0-G-01-17243,2.5,1098.11
RGI2000-v7.0-G-01-17248,1.15,1293.48
RGI2000-v7.0-G-01-17260,89.49,1554.68
RGI2000-v7.0-G-01-17262,4.36,1642.52
RGI2000-v7.0-G-01-17266,1.41,1746.52
RGI2000-v7.0-G-01-17268,3.61,1772.2
RGI2000-v7.0-G-01-17270,8.0,1958.45
RGI2000-v7.0-G-01-17271,1.84,1988.33
RGI2000-v7.0-G-01-17272,4.66,1827.87
RGI2000-v7.0-G-01-17284,24.84,1994.19
RGI2000-v7.0-G-01-17285,28.2,1813.87
RGI2000-v7.0-G-01-17286,3.27,2025.42
RGI2000-v7.0-G-01-17292,4.41,1566.48
RGI2000-v7.0-G-01-17294,1.69,1604.21
RGI2000-v7.0-G-01-17298,3.98,1506.41
RGI2000-v7.0-G-01-17302,2.59,1426.83
RGI2000-v7.0-G-01-17304,54.52,1642.71
RGI2000-v7.0-G-01-17305,1.44,1670.98
RGI2000-v7.0-G-01-17311,1.24,1656.98
RGI2000-v7.0-G-01-17320,1.61,1613.59
RGI2000-v7.0-G-01-17321,1.67,1573.56
RGI2000-v7.0-G-01-17325,3.67,1433.8
RGI2000-v7.0-G-01-17327,2.2,1355.14
RGI2000-v7.0-G-01-17328,1.13,1366.3
RGI2000-v7.0-G-01-17334,1.33,1463.93
RGI2000-v7.0-G-01-17335,4.2,1497.25
RGI2000-v7.0-G-01-17336,1.71,1500.95
RGI2000-v7.0-G-01-17341,8.69,1506.2
RGI2000-v7.0-G-01-17343,1.8,1361.84
RGI2000-v7.0-G-01-17352,111.49,1548.52
RGI2000-v7.0-G-01-17357,5.75,1344.65
RGI2000-v7.0-G-01-17360,3.63,1394.32
RGI2000-v7.0-G-01-17362,2.15,1329.17
RGI2000-v7.0-G-01-17363,1.19,1376.48
RGI2000-v7.0-G-01-17364,1.15,1288.84
RGI2000-v7.0-G-01-17365,21.09,1283.62
RGI2000-v7.0-G-01-17373,16.51,1472.22
RGI2000-v7.0-G-01-17375,2.51,1302.35
RGI2000-v7.0-G-01-17381,7.31,1388.07
RGI2000-v7.0-G-01-17391,13.67,1416.63
RGI2000-v7.0-G-01-17396,1.39,1344.4
RGI2000-v7.0-G-01-17399,3.59,1351.5
RGI2000-v7.0-G-01-17406,5.44,1510.86
RGI2000-v7.0-G-01-17409,1.02,1451.7
RGI2000-v7.0-G-01-17413,16.27,1542.67
RGI2000-v7.0-G-01-17416,2.0,1478.56
RGI2000-v7.0-G-01-17422,2.04,1395.56
RGI2000-v7.0-G-01-17425,1.65,1342.49
RGI2000-v7.0-G-01-17433,30.48,1357.71
RGI2000-v7.0-G-01-17452,4.93,1405.27
RGI2000-v7.0-G-01-17461,4.18,1293.43
RGI2000-v7.0-G-01-17467,4.0,1345.51
RGI2000-v7.0-G-01-17470,1.39,1470.72
RGI2000-v7.0-G-01-17491,2.17,961.39
RGI2000-v7.0-G-01-17494,3.68,1466.05
RGI2000-v7.0-G-01-17495,2.9,1457.89
RGI2000-v7.0-G-01-17496,21.56,1199.34
RGI2000-v7.0-G-01-17498,1.21,1249.19
RGI2000-v7.0-G-01-17499,2.99,1391.63
RGI2000-v7.0-G-01-17502,3.32,1370.74
RGI2000-v7.0-G-01-17505,1.15,1576.11
RGI2000-v7.0-G-01-17514,1.87,1355.92
RGI2000-v7.0-G-01-17516,156.84,1423.88
RGI2000-v7.0-G-01-17535,4.75,1312.29
RGI2000-v7.0-G-01-17536,1.88,916.33
RGI2000-v7.0-G-01-17537,1.83,1335.06
RGI2000-v7.0-G-01-17541,1.29,1390.73
RGI2000-v7.0-G-01-17542,1.76,1249.12
RGI2000-v7.0-G-01-17545,6.37,1205.07
RGI2000-v7.0-G-01-17555,1.16,1170.78
RGI2000-v7.0-G-01-17570,1.13,1174.65
RGI2000-v7.0-G-01-17571,16.35,1211.63
RGI2000-v7.0-G-01-17572,2.1,1291.39
RGI2000-v7.0-G-01-17573,1.83,1216.86
RGI2000-v7.0-G-01-17575,1.32,1279.57
RGI2000-v7.0-G-01-17579,1.23,1291.13
RGI2000-v7.0-G-01-17582,2.2,1103.77
RGI2000-v7.0-G-01-17591,1.19,1097.89
RGI2000-v7.0-G-01-17598,1.25,1194.5
RGI2000-v7.0-G-01-17599,1.75,927.6
RGI2000-v7.0-G-01-17600,1.39,1327.42
RGI2000-v7.0-G-01-17601,2.24,1259.23
RGI2000-v7.0-G-01-17603,1.11,1258.9
RGI2000-v7.0-G-01-17609,1.24,1158.48
RGI2000-v7.0-G-01-17611,7.06,985.15
RGI2000-v7.0-G-01-17616,3.38,1073.17
RGI2000-v7.0-G-01-17623,2.95,1042.94
RGI2000-v7.0-G-01-17628,2.0,1147.22
RGI2000-v7.0-G-01-17632,5.32,1085.85
RGI2000-v7.0-G-01-17637,1.17,1076.29
RGI2000-v7.0-G-01-17641,1.23,1183.27
RGI2000-v7.0-G-01-17643,1.8,996.3
RGI2000-v7.0-G-01-17645,2.6,1185.92
RGI2000-v7.0-G-01-17648,1.08,1184.32
RGI2000-v7.0-G-01-17659,1.25,1162.78
RGI2000-v7.0-G-01-17661,1.89,1125.82
RGI2000-v7.0-G-01-17692,4.56,1159.98
RGI2000-v7.0-G-01-17694,1.9,1097.23
RGI2000-v7.0-G-01-17708,1.97,1149.71
RGI2000-v7.0-G-01-17713,1.56,1272.12
RGI2000-v7.0-G-01-17716,2.78,1165.58
RGI2000-v7.0-G-01-17732,2.34,577.95
RGI2000-v7.0-G-01-17734,2.28,953.85
RGI2000-v7.0-G-01-17736,2.34,1017.34
RGI2000-v7.0-G-01-17756,1.28,1034.49
RGI2000-v7.0-G-01-17758,3.26,1053.26
RGI2000-v7.0-G-01-17776,2.11,817.5
RGI2000-v7.0-G-01-17778,2.88,147.17
RGI2000-v7.0-G-01-17779,2.84,201.63
RGI2000-v7.0-G-01-17815,1.22,1117.45
RGI2000-v7.0-G-01-17819,2.57,1267.28
RGI2000-v7.0-G-01-17823,32.81,1109.02
RGI2000-v7.0-G-01-17824,1.07,1215.13
RGI2000-v7.0-G-01-17830,40.83,1127.6
RGI2000-v7.0-G-01-17831,1.9,1234.92
RGI2000-v7.0-G-01-17837,1.69,1209.77
RGI2000-v7.0-G-01-17839,5.4,1165.56
RGI2000-v7.0-G-01-17844,80.28,1287.38
RGI2000-v7.0-G-01-17854,3.15,1272.36
RGI2000-v7.0-G-01-17856,4.68,1181.31
RGI2000-v7.0-G-01-17857,1.01,1204.66
RGI2000-v7.0-G-01-17864,2.27,1098.25
RGI2000-v7.0-G-01-17877,114.99,1188.73
RGI2000-v7.0-G-01-17885,1.41,1102.92
RGI2000-v7.0-G-01-17895,113.42,1359.96
RGI2000-v7.0-G-01-17909,1.14,1495.94
RGI2000-v7.0-G-01-17910,100.45,1339.7
RGI2000-v7.0-G-01-17922,2.04,1198.04
RGI2000-v7.0-G-01-17923,3.16,1363.65
RGI2000-v7.0-G-01-17925,2.0,1525.53
RGI2000-v7.0-G-01-17934,1.91,1427.87
RGI2000-v7.0-G-01-17937,2.16,1547.11
RGI2000-v7.0-G-01-17941,1.32,1677.84
RGI2000-v7.0-G-01-18443,4.33,1358.92
RGI2000-v7.0-G-01-18445,2.39,1512.17
RGI2000-v7.0-G-01-18450,1.16,1489.07
RGI2000-v7.0-G-01-18457,7.49,1750.56
RGI2000-v7.0-G-01-18458,11.77,1648.85
RGI2000-v7.0-G-01-18461,3.67,1498.24
RGI2000-v7.0-G-01-18462,1.02,1545.88
RGI2000-v7.0-G-01-18471,1.12,1431.26
RGI2000-v7.0-G-01-18475,1.24,1495.59
RGI2000-v7.0-G-01-18479,1.1,1703.13
RGI2000-v7.0-G-01-18480,1.08,1691.62
RGI2000-v7.0-G-01-18488,1.24,1536.81
RGI2000-v7.0-G-01-18509,1.42,1330.7
RGI2000-v7.0-G-01-18551,4.86,1215.63
RGI2000-v7.0-G-01-18552,1.1,1493.31
RGI2000-v7.0-G-01-18554,1.33,1532.95
RGI2000-v7.0-G-01-18556,1.77,1415.1
RGI2000-v7.0-G-01-18559,1.31,1279.32
RGI2000-v7.0-G-01-18572,1.1,1486.93
RGI2000-v7.0-G-01-18577,2.0,1505.88
RGI2000-v7.0-G-01-18587,1.33,1404.81
RGI2000-v7.0-G-01-18588,1.7,1481.51
RGI2000-v7.0-G-01-18589,1.18,1237.3
RGI2000-v7.0-G-01-18592,2.35,1268.07
RGI2000-v7.0-G-01-18613,1.23,1336.72
RGI2000-v7.0-G-01-18622,2.61,1487.18
RGI2000-v7.0-G-01-18627,1.5,1304.9
RGI2000-v7.0-G-01-18636,1.14,1422.25
RGI2000-v7.0-G-01-18637,1.05,1330.23
RGI2000-v7.0-G-01-18642,5.83,1221.25
RGI2000-v7.0-G-01-18645,8.89,778.33
RGI2000-v7.0-G-01-18646,1.16,1598.98
RGI2000-v7.0-G-01-18652,2.7,1550.1
RGI2000-v7.0-G-01-18653,1.54,1412.45
RGI2000-v7.0-G-01-18657,3.82,1476.82
RGI2000-v7.0-G-01-18667,4.26,1370.28
RGI2000-v7.0-G-01-18670,1.03,1223.44
RGI2000-v7.0-G-01-18673,2.17,1167.66
RGI2000-v7.0-G-01-18684,2.65,1435.63
RGI2000-v7.0-G-01-18685,1.97,1363.04
RGI2000-v7.0-G-01-18686,1.24,1508.56
RGI2000-v7.0-G-01-18687,3.13,1455.69
RGI2000-v7.0-G-01-18694,1.32,1269.45
RGI2000-v7.0-G-01-18697,7.84,1276.76
RGI2000-v7.0-G-01-18701,24.48,1246.05
RGI2000-v7.0-G-01-18706,1.23,1137.47
RGI2000-v7.0-G-01-18719,1.72,1128.59
RGI2000-v7.0-G-01-18736,2.63,1271.71
RGI2000-v7.0-G-01-18738,4.95,1288.84
RGI2000-v7.0-G-01-18740,1.63,1374.5
RGI2000-v7.0-G-01-18742,2.92,1327.26
RGI2000-v7.0-G-01-18751,1.31,1183.27
RGI2000-v7.0-G-01-18754,4.13,1376.45
RGI2000-v7.0-G-01-18756,2.32,1392.09
RGI2000-v7.0-G-01-18761,4.67,1195.89
RGI2000-v7.0-G-01-18766,1.02,1389.4
RGI2000-v7.0-G-01-18768,1.16,1513.48
RGI2000-v7.0-G-01-18770,5.53,1398.79
RGI2000-v7.0-G-01-18771,2.96,1555.0
RGI2000-v7.0-G-01-18772,2.49,1472.76
RGI2000-v7.0-G-01-18775,27.1,1291.61
RGI2000-v7.0-G-01-18790,1.06,1322.32
RGI2000-v7.0-G-01-18793,1.1,1301.76
RGI2000-v7.0-G-01-18798,6.38,1388.12
RGI2000-v7.0-G-01-18800,1.11,1290.18
RGI2000-v7.0-G-01-18801,1.81,1317.81
RGI2000-v7.0-G-01-18804,1.21,1135.42
RGI2000-v7.0-G-01-18807,1.71,1276.48
RGI2000-v7.0-G-01-18812,1.26,1345.3
RGI2000-v7.0-G-01-18813,9.06,1490.22
RGI2000-v7.0-G-01-18818,6.75,1533.13
RGI2000-v7.0-G-01-18819,1.39,1515.08
RGI2000-v7.0-G-01-18827,9.01,1443.23
RGI2000-v7.0-G-01-18828,1.36,1558.99
RGI2000-v7.0-G-01-18831,1.04,897.56
RGI2000-v7.0-G-01-18836,2.49,1177.38
RGI2000-v7.0-G-01-18839,2.66,1330.64
RGI2000-v7.0-G-01-18849,18.64,1508.03
RGI2000-v7.0-G-01-18853,1.13,1755.0
RGI2000-v7.0-G-01-18857,2.59,1547.25
RGI2000-v7.0-G-01-18862,1.13,1715.18
RGI2000-v7.0-G-01-18864,15.28,1654.27
RGI2000-v7.0-G-01-18866,3.51,1662.08
RGI2000-v7.0-G-01-18867,1.2,1657.67
RGI2000-v7.0-G-01-18868,1.33,1632.86
RGI2000-v7.0-G-01-18869,461.38,1605.08
RGI2000-v7.0-G-01-18873,2.98,1526.32
RGI2000-v7.0-G-01-18876,1.97,1490.23
RGI2000-v7.0-G-01-18885,3.65,1769.25
RGI2000-v7.0-G-01-18889,1.43,1515.98
RGI2000-v7.0-G-01-18890,2.05,1569.48
RGI2000-v7.0-G-01-18900,9.78,1404.28
RGI2000-v7.0-G-01-19162,2.28,1857.66
RGI2000-v7.0-G-01-19164,1.15,1576.14
RGI2000-v7.0-G-01-19165,2.2,1645.54
RGI2000-v7.0-G-01-19175,5.95,1710.87
RGI2000-v7.0-G-01-19177,1.91,1650.14
RGI2000-v7.0-G-01-19179,1.07,1703.28
RGI2000-v7.0-G-01-19180,11.19,1727.06
RGI2000-v7.0-G-01-19181,3.55,1578.7
RGI2000-v7.0-G-01-19184,2.91,1701.96
RGI2000-v7.0-G-01-19186,1.35,1601.67
RGI2000-v7.0-G-01-19187,1.07,1617.37
RGI2000-v7.0-G-01-19188,1.53,1658.15
RGI2000-v7.0-G-01-19189,2.44,1766.05
RGI2000-v7.0-G-01-19236,1.27,1934.02
RGI2000-v7.0-G-01-19240,1.34,1892.84
RGI2000-v7.0-G-01-19242,2.66,1941.69
RGI2000-v7.0-G-01-19244,16.16,1803.8
RGI2000-v7.0-G-01-19246,81.63,1771.07
RGI2000-v7.0-G-01-19497,26.09,1527.27
RGI2000-v7.0-G-01-19505,1.48,1423.76
RGI2000-v7.0-G-01-19507,4.53,1113.48
RGI2000-v7.0-G-01-19515,4.01,1343.32
RGI2000-v7.0-G-01-19536,1.48,1152.74
RGI2000-v7.0-G-01-19543,1.11,1368.92
RGI2000-v7.0-G-01-19545,1.34,1417.1
RGI2000-v7.0-G-01-19546,1.26,1388.73
RGI2000-v7.0-G-01-19551,2.66,1434.12
RGI2000-v7.0-G-01-19586,1.02,1518.45
RGI2000-v7.0-G-01-19587,10.9,1223.75
RGI2000-v7.0-G-01-20350,2.33,1641.3
RGI2000-v7.0-G-01-20351,1.67,1751.47
RGI2000-v7.0-G-01-20352,2.31,1749.85
RGI2000-v7.0-G-01-20353,1.84,1534.58
RGI2000-v7.0-G-01-20355,1.84,1893.31
RGI2000-v7.0-G-01-20357,1.11,1757.4
RGI2000-v7.0-G-01-20361,43.65,1711.55
RGI2000-v7.0-G-01-20404,192.91,1536.29
RGI2000-v7.0-G-01-26726,4.83,1541.39
RGI2000-v7.0-G-01-26731,2.61,1636.29
RGI2000-v7.0-G-01-26733,1.73,1665.17
RGI2000-v7.0-G-01-26735,1.27,1566.65
RGI2000-v7.0-G-01-26746,27.31,1740.26
RGI2000-v7.0-G-01-26751,1.04,1686.89
RGI2000-v7.0-G-01-26752,1.59,1900.14
RGI2000-v7.0-G-01-26753,1.19,1758.69
RGI2000-v7.0-G-01-26754,1.68,1895.57
RGI2000-v7.0-G-01-26756,4.24,1797.66
RGI2000-v7.0-G-01-26758,5.07,1947.22
RGI2000-v7.0-G-01-26762,1.16,1817.28
RGI2000-v7.0-G-01-26763,1.86,1958.88
RGI2000-v7.0-G-01-26764,4.0,1973.78
RGI2000-v7.0-G-01-26766,5.29,1931.41
RGI2000-v7.0-G-01-26768,1.47,1773.58
RGI2000-v7.0-G-01-26774,1.33,1282.86
RGI2000-v7.0-G-01-26776,3.91,1966.92
RGI2000-v7.0-G-01-26781,16.76,1847.33
RGI2000-v7.0-G-01-26784,3.49,1921.0
RGI2000-v7.0-G-01-26785,27.44,1949.19
RGI2000-v7.0-G-01-26789,7.23,1858.68
RGI2000-v7.0-G-01-26790,3.04,1854.98
RGI2000-v7.0-G-01-26791,3.09,1628.38
RGI2000-v7.0-G-01-26793,4.51,1631.8
RGI2000-v7.0-G-01-26794,5.52,1752.3
RGI2000-v7.0-G-01-26798,26.28,1822.53
RGI2000-v7.0-G-01-26800,25.63,1792.3
RGI2000-v7.0-G-01-26804,5.55,1466.99
RGI2000-v7.0-G-01-26806,53.62,1460.75
RGI2000-v7.0-G-01-26807,1.11,1620.58
RGI2000-v7.0-G-01-26809,2.44,1522.46
RGI2000-v7.0-G-01-26813,1.14,1605.71
RGI2000-v7.0-G-01-26815,1.3,1492.4
RGI2000-v7.0-G-01-26820,1.19,1520.26
RGI2000-v7.0-G-01-26821,64.52,1783.16
RGI2000-v7.0-G-01-26827,4.02,1384.03
RGI2000-v7.0-G-01-26829,1.09,1239.16
RGI2000-v7.0-G-01-26838,1.26,1480.18
RGI2000-v7.0-G-01-26842,1.08,1747.05
RGI2000-v7.0-G-01-26843,1.17,2060.6
RGI2000-v7.0-G-01-26845,1.29,1814.33
RGI2000-v7.0-G-01-26847,1.27,1582.75
RGI2000-v7.0-G-01-26852,1.65,1591.32
RGI2000-v7.0-G-01-26855,1.77,1322.09
RGI2000-v7.0-G-01-26856,1.17,1492.1
RGI2000-v7.0-G-01-26858,1.22,1391.88
RGI2000-v7.0-G-01-26861,1.29,1242.22
RGI2000-v7.0-G-01-26862,2.55,1375.31
RGI2000-v7.0-G-01-26864,4.18,1098.99
RGI2000-v7.0-G-01-26866,1.98,1201.75
RGI2000-v7.0-G-01-26867,3.21,1220.52
RGI2000-v7.0-G-01-26870,6.94,1047.02
RGI2000-v7.0-G-01-26878,1.29,983.73
RGI2000-v7.0-G-01-26883,2.87,1253.34
RGI2000-v7.0-G-01-26884,1.76,1132.31
RGI2000-v7.0-G-01-26885,1.34,1270.08
RGI2000-v7.0-G-01-26886,158.24,2026.68
RGI2000-v7.0-G-01-26887,7.06,1262.65
RGI2000-v7.0-G-01-26888,1.71,1106.21
RGI2000-v7.0-G-01-26892,1.04,1322.9
RGI2000-v7.0-G-01-26894,2.68,1427.76
RGI2000-v7.0-G-01-26898,5.11,1319.17
RGI2000-v7.0-G-01-26899,2.17,1283.61
RGI2000-v7.0-G-01-26901,1.08,1473.9
RGI2000-v7.0-G-01-26904,1.31,1811.57
RGI2000-v7.0-G-01-26907,2.71,1797.92
RGI2000-v7.0-G-01-26917,1.32,1554.89
RGI2000-v7.0-G-01-26918,1.02,1574.77
RGI2000-v7.0-G-01-26919,4.55,1338.03
RGI2000-v7.0-G-01-26920,1.12,1288.66
RGI2000-v7.0-G-01-26922,1.01,1767.73
RGI2000-v7.0-G-01-26923,2.07,1839.29
RGI2000-v7.0-G-01-26931,1.33,1449.03
RGI2000-v7.0-G-01-26939,1.21,1902.13
RGI2000-v7.0-G-01-26943,1.17,1979.01
RGI2000-v7.0-G-01-26949,1.25,1744.35
RGI2000-v7.0-G-01-26951,28.32,1600.82
RGI2000-v7.0-G-01-26956,6.09,1364.66
RGI2000-v7.0-G-01-26960,2.13,1400.4
RGI2000-v7.0-G-01-26963,48.3,1367.04
RGI2000-v7.0-G-01-26968,1.83,1474.81
RGI2000-v7.0-G-01-26970,2.29,1588.37
RGI2000-v7.0-G-01-26976,27.34,1490.49
RGI2000-v7.0-G-01-26997,2.19,3366.87
RGI2000-v7.0-G-01-26998,64.67,1727.79
RGI2000-v7.0-G-01-27006,1.14,1206.53
RGI2000-v7.0-G-01-27010,45.88,821.09
RGI2000-v7.0-G-01-27011,165.67,2181.6
RGI2000-v7.0-G-01-27049,1.02,1518.44
RGI2000-v7.0-G-01-27051,229.64,1454.37
RGI2000-v7.0-G-01-27056,9.52,1359.98
RGI2000-v7.0-G-01-27057,1.22,1249.48
RGI2000-v7.0-G-01-27058,4.04,1197.63
RGI2000-v7.0-G-01-27060,2.34,1037.44
RGI2000-v7.0-G-01-27061,1.39,1002.49
RGI2000-v7.0-G-01-27063,1.06,1290.93
RGI2000-v7.0-G-01-27071,103.67,1057.43
RGI2000-v7.0-G-01-27081,1.59,883.8
RGI2000-v7.0-G-01-27085,1.02,1079.3
RGI2000-v7.0-G-01-27087,5.1,989.27
RGI2000-v7.0-G-01-27123,2.88,2987.97
RGI2000-v7.0-G-01-27133,55.7,1390.48
RGI2000-v7.0-G-01-27147,2.65,1548.78
RGI2000-v7.0-G-01-27155,2.66,1594.56
RGI2000-v7.0-G-01-27156,7.17,1520.59
RGI2000-v7.0-G-01-27162,22.45,1784.91
RGI2000-v7.0-G-01-27163,1.76,1417.92
RGI2000-v7.0-G-01-27166,120.35,2270.52
RGI2000-v7.0-G-01-27174,36.27,1721.46
RGI2000-v7.0-G-01-27177,4.29,1263.08
RGI2000-v7.0-G-01-27178,5.38,1044.62
RGI2000-v7.0-G-01-27209,3.65,884.54
RGI2000-v7.0-G-01-27210,549.29,969.84
RGI2000-v7.0-G-01-27219,1.68,969.24
RGI2000-v7.0-G-01-27220,1.59,814.32
RGI2000-v7.0-G-01-27222,3.19,1062.84
RGI2000-v7.0-G-01-27227,3.39,1114.89
RGI2000-v7.0-G-01-27230,6.05,970.82
RGI2000-v7.0-G-01-27234,3.02,927.37
RGI2000-v7.0-G-01-27237,3.1,934.53
RGI2000-v7.0-G-01-27242,1.85,729.67
RGI2000-v7.0-G-01-27243,2.02,810.41
RGI2000-v7.0-G-01-27247,25.81,1005.05
RGI2000-v7.0-G-01-27252,62.95,1020.01
RGI2000-v7.0-G-01-27269,1.49,888.1
RGI2000-v7.0-G-01-27286,5.94,885.44
RGI2000-v7.0-G-01-27291,6.27,987.54
RGI2000-v7.0-G-01-27314,1.07,1305.51
RGI2000-v7.0-G-01-27315,16.49,1192.24
RGI2000-v7.0-G-01-27329,31.59,1585.26
RGI2000-v7.0-G-01-27330,1.05,1592.39
RGI2000-v7.0-G-01-27335,22.79,1371.07
RGI2000-v7.0-G-01-27336,5.04,1296.94
RGI2000-v7.0-G-01-27337,1.42,1539.94
RGI2000-v7.0-G-01-27338,1.7,1597.54
RGI2000-v7.0-G-01-27355,176.43,1876.58
RGI2000-v7.0-G-01-27357,237.25,2582.52
RGI2000-v7.0-G-01-27371,1.49,1606.07
RGI2000-v7.0-G-01-27372,181.75,1810.51
RGI2000-v7.0-G-01-27374,65.31,1196.44
RGI2000-v7.0-G-01-27376,3.59,1206.49
RGI2000-v7.0-G-01-27379,457.54,1237.3
RGI2000-v7.0-G-01-27383,3.78,1943.23
RGI2000-v7.0-G-01-27384,1.5,2046.83
RGI2000-v7.0-G-01-27385,1.97,1831.33
RGI2000-v7.0-G-01-27386,1.18,2079.9
RGI2000-v7.0-G-01-27388,7.95,1920.1
